name,lastname,email,title,dummy catogory1,dummy catogory2,dummy catogory3,adress,state
jhon,doe,jhondoe@example.com,mr,433,34,343,12345 example st.,md
stan,smith,ssmith@gmail.com,,344,44,4545,67890 dummy rd,ct
jack,black,jb@hotmail.com,dr,32,344,4443,54321 blah pl.,ny
potato,kugel,potatok@dummy.com,honanary,e3r4,45,4554,34567 half pkwy.,ar